MFCCs_ 1,MFCCs_ 2,MFCCs_ 3,MFCCs_ 4,MFCCs_ 5,MFCCs_ 6,MFCCs_ 7,MFCCs_ 8,MFCCs_ 9,MFCCs_10,MFCCs_11,MFCCs_12,MFCCs_13,MFCCs_14,MFCCs_15,MFCCs_16,MFCCs_17,MFCCs_18,MFCCs_19,MFCCs_20,MFCCs_21,MFCCs_22,Family
1,0.021355509079986,0.712023051866591,0.54095893461901,0.00656149835901325,-0.0123963127354063,-0.0399058135936437,0.206433108329378,0.224516313259849,-0.132646168644503,-0.0788594283460196,0.140278092870423,0.0519081623961098,-0.0356448356437151,-0.0147386003802684,-0.0138482780361046,0.0374811331108663,0.0249814783406904,-0.023636452600781,-0.00224587605692373,0.00506514832997516,0.0187712605320897,Hylidae
1,0.235775577906347,0.179336231294391,0.507824538649265,0.273007551451118,0.0796470775128654,-0.0673758123091878,-0.12229557036544,0.19955032288008,0.364924949488644,-0.19035094821799,-0.35552998356008,0.262992638932308,0.431612971817097,-0.0698584738259191,-0.271285916240734,-0.113660724840131,0.1231321945457,0.212193562281066,0.119816216899938,-0.215874933972202,-0.174891094721485,Hylidae
1,0.427118743906235,0.220124683315614,0.562978780269308,0.244255650776358,0.0763676670693485,-0.071602643503082,0.0658203997901052,0.259135779817338,0.0676290239673454,-0.20710948384527,0.105256038004177,0.295000963741274,-0.0923114055613926,-0.222548591361773,0.0670425085856778,0.140408390878653,0.00161502101369771,-0.126532730137812,-0.169822945459872,0.0654748105188647,0.178420511657789,Leptodactylidae
1,0.477523795083154,0.395977303500369,0.592310985022469,0.140795363497779,0.0954406930840846,-0.0323045037195268,0.0711933268466215,0.254857735534691,0.0502043256558462,-0.238098839759884,0.244740793082011,0.399889104239407,-0.177770331031736,-0.304246414633878,0.197332539094394,0.163455855674115,-0.107861031943725,-0.150726230329331,-0.0378806710766161,0.171868076775125,0.204687823133193,Leptodactylidae
1,0.779935931940256,0.889201349371477,0.647043260396823,-0.119976239949182,0.454679393751883,0.22966690315084,-0.0422581213521868,0.178105564501273,-0.0484592843143205,-0.231867575991486,0.199413243480809,-0.126255996789553,-0.359098765719895,0.221082827753207,0.128258972269406,-0.177551267644301,0.00830686296316034,0.0784993409940885,0.0901892805471873,0.0581052250724992,-0.0734520269387987,Hylidae
0.671201627527375,0.894314632021988,1,0.193002814016883,-0.206844817793679,0.285572110586509,-0.00653415958763284,-0.0197422983401825,0.289372382153594,0.0998787845494913,-0.074667641571539,0.0922527314035536,0.125232558359725,0.0188798436236668,0.0322452961998219,0.183934821569092,-0.0694249615422326,-0.222311513406092,0.0713222443874412,0.0388082693947873,-0.0233617676615853,0.19859297502034,Hylidae
1,0.509845303789466,0.653280505033327,0.540365923748756,-0.242249970865539,-0.156555563439085,0.409251635139421,0.0868748877150352,-0.296439232603999,0.130367488725777,0.26823423247079,-0.146789201917327,-0.178383890391755,0.154978888836526,0.0519626707204067,-0.179830825261218,0.0128709423791632,0.181440036311616,0.013745599199116,-0.0769750494436115,0.0367760488010875,0.0720646711822296,Leptodactylidae
1,0.337290695522958,-0.110856644429829,-0.0575897810167074,-0.0437948376853439,0.320565932139511,0.545539099561505,0.248578254845349,-0.266548409741043,-0.315224515091448,-0.117187936827893,-0.00442518921632964,0.157979094866621,0.319188711473947,0.103152522014779,-0.204523655710897,-0.167529784357742,0.0358060853572224,0.0130256356372433,-0.0100110282743046,0.166377113949528,0.114442342231136,Dendrobatidae
1,0.222907331897709,0.157809023750982,0.545349542825713,0.240314040374985,0.057502736460212,-0.159653912841976,-0.0193941068184809,0.197977787803856,0.0444291555313016,-0.211437793495267,0.0832667191973307,0.113534755954188,-0.242331710370085,-0.124347029189365,0.22753257630502,0.105968451991919,-0.0908382381613609,-0.126490016555252,-0.0476898568844925,0.198779227819212,0.213940440274712,Leptodactylidae
1,0.510800637860971,0.62460059943106,0.500239113507971,-0.199506404298075,-0.136457789979012,0.380280815039782,-0.0219880197917749,-0.359555117180591,0.154103338650149,0.264934907625345,-0.0840005005384783,-0.0428384306269114,0.26072825543668,0.112230038465395,-0.130760998316915,0.0605940140193921,0.115145475875813,-0.0776184782287661,-0.0262950161012968,0.0954534495175644,0.0703282226155702,Leptodactylidae
1,0.718143138222305,0.739748805610759,0.374902643044605,-0.00929105535752792,0.184250562744476,0.000137434472824836,0.0965889357484902,0.221151467325738,-0.180503314032505,-0.0338064423585412,0.328942411122332,-0.131350659196714,-0.206181025810559,0.190302647551104,0.0674190471117261,-0.154040707750595,0.10975511133329,0.098898712411287,0.0329642570354033,0.0417790408447529,-0.0489924038197894,Hylidae
1,0.232867027266176,-0.123159810304307,0.0518415698713751,0.251865185013489,0.213494090613152,0.110496025889045,0.0635878800190346,0.0659077249111265,-0.0689056608843134,-0.230497699894158,-0.221558449857848,0.174827381191207,0.447284858267685,0.20693357569829,-0.219120164585031,-0.405825147527815,-0.214224799702461,0.135462833832152,0.175999498330714,0.0394919525359622,-0.0175653508454756,Leptodactylidae
1,0.255153984081266,0.0814150747922844,0.482216553830892,0.136812222770025,0.0535281211031194,-0.139077509487902,0.0300295797169098,0.296588201300633,0.115097137350342,-0.230724506311968,0.0921196596219881,0.351542035590273,-0.0914396299863445,-0.322184016991871,-0.00304115422336084,0.191413521147217,0.0761923873435284,-0.0806688480634964,-0.200262170151243,-0.0200003273422515,0.207020589452981,Leptodactylidae
1,0.555886480797774,0.284264705389935,0.568410187521711,0.155475616299734,-0.0773018208338562,-0.0829724922187315,0.163387837621145,0.357500732312009,0.0614982883902419,-0.226302781932973,0.0570045877451566,0.371592433662034,-0.0154582858822886,-0.180495031349914,0.0466540026156406,0.163803853227981,0.0166728721624013,-0.0970181454360286,-0.158501564698557,0.00504810850993004,0.196079105098355,Leptodactylidae
1,0.199069744377984,0.386447880076176,0.668193477847125,0.167996963142705,0.00496936730944019,-0.124258802285744,0.0551990350757466,0.23656057189333,-0.0384780640797713,-0.25730739834217,0.211633002686516,0.282793188314511,-0.261603593880335,-0.194162092864091,0.242751172170622,0.15793022727399,-0.188538757445247,-0.209291952306195,-0.088559108924735,0.116488635058146,0.130482807883811,Leptodactylidae
1,0.0743482439416264,0.208999279546597,0.604544101890441,0.242253110982471,0.0548336420025243,-0.139762526171847,-0.0189859081772691,0.239632227646307,0.019756907952631,-0.204934919421336,0.235985784885456,0.218901585570207,-0.324096063969312,-0.218430659784197,0.261397363684088,0.188154262787365,-0.145799572506789,-0.211154364474219,-0.0510927881827824,0.217884475769788,0.178761917528401,Leptodactylidae
1,0.116783735292067,0.311615743636702,0.313966331250566,0.172507997858948,0.192254090934455,0.10290973438433,-0.149873993398,-0.0659602868808545,0.096369283814292,0.067365942281228,0.0699434901718587,0.116612641853139,-0.058567304481799,-0.116399268126335,0.0154382326090834,0.0969798200030358,0.0236497777148954,0.00899662309787511,-0.0256200687900181,-0.0763478816751195,-0.0036169656138567,Hylidae
1,0.409178750316716,0.357812342584119,0.574756947456929,0.193831398603619,0.0674559648797831,-0.00318742524427338,0.0896214437286341,0.299662389026113,-0.0330940428723783,-0.353177957545413,0.104354574508241,0.406944876681661,-0.0719445480376043,-0.272501343280667,0.128699042349185,0.150593411977798,-0.0244597092434539,-0.0355855013800718,-0.0606507382311247,0.0595830858937598,0.164577598259751,Leptodactylidae
1,0.369135504095104,0.0673480202092577,0.423625403588198,0.247463754239775,0.183088938402566,0.0614727764724115,0.147004454803983,0.128609876594038,-0.170371845133324,-0.278951117409527,0.254081908330071,0.44866580971596,-0.0571420906005193,-0.296528288217683,-0.0280675087772388,0.0881649999853467,-0.0105949266052645,-0.0178199678971361,-0.0770081867193357,0.0535513032659254,0.087205051732313,Leptodactylidae
1,0.187303182552244,0.492364728630934,0.600573939785413,0.0715656277131871,0.105150296760368,-0.0278425708752714,0.088117366087371,0.211852680335572,0.0688000940558336,-0.226374705862703,-0.083145986494677,0.288757960699233,0.168553379337036,-0.306166759216918,-0.113958841264831,0.384923488954884,0.281283935348486,-0.147577824103853,-0.190103860368754,0.134554448065355,0.27154012748617,Leptodactylidae
1,0.429230258466975,0.284736063302589,0.471321254325107,0.206000403803993,0.0233743838092438,-0.0660557222913359,0.0419165718794542,0.286142632168206,0.151458388866454,-0.228760914009273,-0.135446747917307,0.284635956080909,0.175409185520574,-0.206290497789822,-0.128229603024697,0.112559234123959,0.144234377593429,0.0704054986941692,-0.0445134251949532,-0.085332025882563,0.0639367026552725,Hylidae
1,0.415639683799329,0.335847766655704,0.554343138599677,0.139234068140282,0.0496779033796823,-0.108730074938225,0.00688557869037549,0.262957980555431,0.0244388739015483,-0.307213271899789,0.135707472886673,0.322910974866726,-0.172697976688183,-0.288214435412311,0.0961040657021027,0.210365900192084,-0.0115391626262398,-0.098904932838575,-0.0671346189496981,0.140201399985202,0.209300215228075,Leptodactylidae
1,0.180022066107262,0.0757932996671281,0.456252249878955,0.199193104277043,0.0649759987423937,-0.112428716402061,0.0302143640876041,0.231019980465771,0.0617588749882516,-0.259914089300806,-0.0192930988812195,0.282928393243115,-0.0458382218974056,-0.30616634208768,-0.0298979653227269,0.190335113344975,0.0894504720476342,-0.0476323261410601,-0.1426424578307,-0.055945890401149,0.187775200141902,Leptodactylidae
1,0.131395705555117,0.378481701361148,0.689662538615435,0.113105706977332,-0.016637998423226,-0.145602899840595,0.0917757820300292,0.255767441539039,-0.133645051192671,-0.354427822877897,0.164278764530201,0.339623597313668,-0.112110856474447,-0.177722639849313,0.146767188379431,0.16237856644286,-0.124872230321203,-0.176449206875759,-0.0416898546095882,0.159376689645308,0.147822598118406,Leptodactylidae
1,-0.0876720790494339,0.157096964478137,0.428506267499693,0.122577378249601,0.124174199385397,-0.0627668528713037,0.109530513932929,0.219578885851082,0.0268157475269329,-0.194226244105854,-0.0420031610543264,0.156896383450118,0.000945954417847299,-0.181700214299596,-0.00311848115820677,0.181859686001111,0.0580071291547294,-0.109328021237958,-0.124084108711553,0.0718639975907799,0.255169936788499,Leptodactylidae
1,0.195753776637223,0.121224857793351,0.470635672671193,0.152508528612705,0.0130136654857876,-0.139380768021398,0.0168487372576926,0.260716784897209,0.0926138368074658,-0.247666787416572,0.0671529727892579,0.316102895929669,-0.0587659375930537,-0.322194196098816,-0.02140661650594,0.178766842348175,0.0412003163710021,-0.128620617032371,-0.166541711990854,-0.00273341368714515,0.208166618322148,Leptodactylidae
1,0.443313416778754,0.183995624349798,0.627171185799278,0.215558266006092,0.0566658805910443,-0.137876796165224,0.104040893885439,0.24847508946873,0.0118188246998258,-0.270839707819434,0.154817465679262,0.400556920321089,-0.0979340718528867,-0.326955625730839,0.010241017184162,0.212755573247598,0.0121300194463622,-0.0707286534646344,-0.102150867310123,0.0305323117950701,0.167363012111484,Leptodactylidae
1,0.181897162935138,0.166649974164034,0.557213280046929,0.192726757644139,0.0421861091238545,-0.11065318384169,0.0411030084846051,0.200282612839413,-0.0246000480980398,-0.216399127905053,0.20104887256854,0.21793729751622,-0.297102190492472,-0.21728681629708,0.248160525236875,0.203663168957215,-0.111246849366118,-0.21027384323499,-0.107041024007395,0.157562322068752,0.21626857349229,Leptodactylidae
1,0.550478306045077,0.23354394438358,0.530466785015022,0.276084493294176,-0.0256665583522418,-0.145669609025433,0.138745625283808,0.334069479425932,0.00166578547246097,-0.342863231077712,0.0588893616062307,0.366102022577857,0.0172734173180873,-0.260176715699141,-0.0267109832630196,0.208364412043555,0.047598033997994,-0.114503772918002,-0.119769049655489,0.0668190341817142,0.235784549983864,Leptodactylidae
1,0.212746987102383,0.0281012973277734,0.232409990305251,0.21164603765633,0.236340779595919,-0.0226325226650435,-0.0851286064828935,0.240878646285207,0.168873664321818,-0.218830527015394,-0.192919832539731,0.0592447986863591,0.254221018287036,0.257554979693983,-0.0827837355207557,-0.183444450962812,0.0237556044379549,0.0735276735214236,-0.0535476970376854,-0.0419840642729479,0.0710553512356385,Dendrobatidae
1,0.174502543035272,0.228876169650239,0.617863383221927,0.288437861580398,0.105143009149099,-0.111242753772231,0.0282040382161223,0.284255843958669,0.0294324180964651,-0.205984875913061,0.197194200843254,0.240682258278313,-0.222495229680389,-0.133030452944062,0.236398034856112,0.136745408556286,-0.144997868631376,-0.151516984578467,-0.0453648358503509,0.160672849571264,0.160405594838113,Leptodactylidae
1,0.180713860814365,0.0726058983601228,0.499905637444048,0.197565003733842,0.124127603740003,-0.112493824208518,-0.10743794764283,0.146636559092237,-0.00123708100659999,-0.256632267680145,0.172922907062819,0.422473708361651,-0.112943206885771,-0.303830254558354,0.0901807195076642,0.20750250573304,-0.0566930355973772,-0.223807436475506,-0.157705165428759,0.0252913309235082,0.211238190762179,Leptodactylidae
1,0.333704745017602,0.234462943206957,0.602968370754687,0.174691026862608,-0.00409332969988343,-0.123564411611484,0.0342854493617577,0.259764312523047,-0.0143663002308798,-0.316464525066187,0.0493134042532331,0.364013666593286,-0.104139813769291,-0.24369212825607,0.0592497280889437,0.179907159882726,0.0327755522734943,-0.116993024680337,-0.196525822587952,0.0190651148286428,0.198448747457912,Leptodactylidae
1,0.300816017139549,0.0994148494162312,0.287987544620252,0.141537091158007,0.0520138323797999,0.097781358270911,-0.00557094832566986,-0.145025214860589,0.0330385061432749,0.17908236533948,-0.095927538284988,-0.249975988624096,0.112693375740429,0.185376378147561,-0.144442049085399,-0.18638255527559,0.0587397385170864,0.0738614538310252,-0.00615561687389027,-0.00523567523374081,-0.0111409901422738,Dendrobatidae
1,0.68333088834119,0.729137074309398,0.644156975168869,-0.0325917132279093,0.0411962518775836,0.483182422833861,0.115420298053799,-0.223053012631563,0.196530166346271,0.264633008515698,-0.199556069395328,-0.180446624353496,0.17591360072049,0.110386634127882,-0.155445388928151,0.0153208061538829,0.216577387185218,0.0308155321638697,-0.0250314799552883,0.139689611920174,0.00644448057555788,Leptodactylidae
1,0.0193105177507501,0.148064702855971,0.501333913168515,0.0938612752840028,-0.0232640279154384,-0.176004516582786,0.0197752182195348,0.315431440023037,0.0839016627267511,-0.232262140673675,0.091128686980336,0.165077068074528,-0.217232708434752,-0.150003217053555,0.224560246674757,0.143060334548072,-0.0266901098244064,-0.0382284304301835,-0.00799030825558322,0.0976980667643385,0.0718388865058903,Leptodactylidae
1,0.0704318666291065,0.188680213321781,0.59805747320514,0.246076299054929,0.047793121642438,-0.141460404842666,-0.0220438816386157,0.227507711922369,0.015952940307532,-0.179634457840462,0.203570789920871,0.191130751875829,-0.279326838534017,-0.154913027117795,0.283183060000131,0.179763024016407,-0.141051009181979,-0.218929988301695,-0.0549164700998171,0.202073486192498,0.167169684234762,Leptodactylidae
1,0.677830297714781,0.653683943290693,0.39968727649409,-0.0265858533325172,0.0310396598203803,-0.0183207562125795,0.176617388718681,0.145430474012079,-0.246992519981784,-0.0127064378715196,0.420390680965251,-0.0816667689295422,-0.203390411790869,0.270000496673661,0.10311997070693,-0.137416607799888,-0.0322430701482063,-0.0169512494478597,0.0783103517441543,-0.0019102862877467,-0.208154018075904,Hylidae
1,0.208230045632534,0.0419671815115191,0.39090814162464,0.362461452211756,0.284769523208447,0.0798435954337601,-0.178042255849308,-0.153269325594725,0.223138811661033,0.255570889974854,-0.118996087491172,-0.285489824214469,-0.0400090160047745,0.100222482005865,-0.0480495040068502,-0.122650188019974,-0.0796475030837092,-0.108214055401385,-0.0999744086110247,0.0324621267516108,0.0166759238239975,Leptodactylidae
1,0.458180263025181,0.243787758095546,0.361995235309018,0.404406813525199,0.2737299938024,0.120115890670947,-0.108362249175318,-0.0331137047526034,0.152128755575616,-0.0365568108104384,-0.396112612892725,-0.346697811019754,0.0432599243180737,0.0183670560015301,-0.208837780654138,-0.261660301785143,-0.250721780683647,-0.144279568127817,-0.0182665526511114,0.00896560814855974,-0.076464778008518,Leptodactylidae
1,0.135634939698892,0.295454651539331,0.3197518037895,0.187688061470851,0.14216188388734,0.121143526920853,-0.101734086780625,-0.0927893498835033,0.0797764638879419,0.0617400908575269,0.0183102428007597,0.0957117079489114,0.00561936508555372,-0.0993568729766957,-0.0119397917628068,0.106409797490127,0.0294361560209645,0.00356651619400588,0.0126554379035868,-0.0466062900711524,-0.0383673571711499,Hylidae
1,0.127971378677255,-0.0494490314815417,0.322822960763806,0.263813703415222,0.207646028467116,0.0147628151378651,-0.258760325385404,-0.169465497858548,0.26159654083453,0.321407970283749,-0.116439767517085,-0.26758053553922,0.0422618127631807,0.23226896055809,0.0957262088204276,-0.0359221694353613,-0.0581584021726112,-0.0319275380714085,-0.0126665891973166,0.0933692961000659,0.0736084573741801,Leptodactylidae
1,0.201131095745408,0.156153774350852,0.605999358572337,0.163864654637378,-0.0226004482536526,-0.186563632596848,-0.0162472567785773,0.214495622810423,0.0372378859520979,-0.334734492791342,0.0942536170747079,0.446379023807405,-0.0329815411357406,-0.342539107391283,0.0057248744499394,0.265384423976437,0.139364747991924,-0.0730492087294689,-0.199387256979362,-0.0260964177209948,0.216243444857189,Leptodactylidae
1,0.438392170519596,0.0676300687398065,0.44416073589371,0.431952921011665,0.0840324271956631,-0.146615270072627,-0.00502060608182743,0.189523233137467,0.181381886643499,-0.203981232483622,-0.207126681961963,0.154940196505827,0.265206327080739,-0.0811319574208674,-0.207625728972284,0.0387589014205638,0.221594775336131,0.136805483010484,-0.0988051491102838,-0.135736949122212,0.0242275177934838,Hylidae
1,-0.0394028517373334,0.402075730643672,0.438318867179854,0.223805908770537,0.24065966889022,0.129997941658215,-0.152403295491356,-0.0457031552245587,0.061709876613441,0.0975670599231551,0.0422244660654465,0.0341537589220702,-0.0177511185116277,-0.116713752873967,-0.0520563727858835,0.125905730537767,0.0818604887948808,-0.0102688007606694,-0.0310679133212199,-0.0622785746944756,-0.0439179009683289,Hylidae
1,0.540716757203383,0.690484041744718,0.421697757800663,-0.132506637536694,0.06553782459288,0.373234878632601,-0.00416663582834635,-0.231239484251562,0.268353947734483,0.231481724566414,-0.199097649835314,-0.0108438218169896,0.210716893505616,-0.0951551021855879,-0.166816183318401,0.0889724135691609,0.0936690347254121,-0.0773325675089799,-0.0175013011440139,0.0712764268398855,-0.0118337787339388,Leptodactylidae
1,0.440097709206424,0.33050756771508,0.395819500286092,0.0540058942772886,0.0963916229660313,0.175426319001575,0.0428895806455402,-0.127656171804522,-0.00730728358121087,0.180117198029924,-0.000203433618081479,-0.156158924534734,0.094257325181238,0.0722876370775927,-0.141325924973787,-0.0666283687575569,0.119485711504669,0.015537573121505,-0.0782253380327006,-0.037380665641238,0.0107882756111292,Dendrobatidae
1,0.255766619027109,0.379812704674188,0.312269782601761,0.283791571048073,0.0968460758108514,-0.203001120168287,0.0754833870710584,0.104500597426672,-0.00568013060893374,0.057262046689036,0.028298114815216,0.00680352651722715,0.0118509193773505,-0.0105671121911434,0.0879227111745659,0.0505721730749228,0.00445011469784267,0.0134947161876694,-0.0115537923534908,0.0276974295411528,0.021367795380712,Hylidae
1,0.507340156420107,0.736248250349948,0.567331758418929,-0.179671886250769,-0.0455727153770688,0.350629239522046,0.0133740456619812,-0.323524052865078,0.0467155891007998,0.18640776009417,-0.0904222019179097,-0.163918576299612,0.237045139425166,0.134595087519703,-0.160937880405168,0.0487189906463407,0.118411366179168,-0.0969401853593948,-0.0241172657421972,0.0943200637162524,-0.0245781304517256,Leptodactylidae
1,0.196956014661654,0.173522976098277,0.493778874501989,0.19307972924841,-0.00335892511087011,-0.192660644580291,-0.000739263051136163,0.205719561640402,-0.0297349977102997,-0.208829835156267,0.18326953287394,0.22125923781956,-0.199101353847781,-0.136403611514431,0.210441141639562,0.178220931032596,-0.0745590261919825,-0.138162374562215,-0.0996896360168322,0.110311242219661,0.18196918637602,Leptodactylidae
1,0.0197772491063053,0.457983588032477,0.40107052515903,0.146845840986493,0.210520577529459,0.119239118106269,-0.170399455088397,-0.0998086429922487,0.0422341816264176,0.159634113384882,0.0724141534454424,0.0448210170613535,-0.00331340491869302,-0.111064186930408,-0.020859909510363,0.126242552651268,0.026696024470069,-0.0075742929399649,-0.0145105187523121,-0.0359708325931925,0.00973646625008618,Hylidae
1,0.160764477297348,0.0606484542155553,0.563193712933281,0.21933485328643,0.0796428543821826,-0.156547108460137,0.00396027880840345,0.284562348293317,0.0777312294588195,-0.288159925935367,0.0859855724024849,0.359382647845955,-0.0963822535660693,-0.300300041917693,0.0795662327172025,0.277590117511166,0.0120087348307592,-0.167304932060735,-0.242733036971487,0.00646487536233898,0.204149285581186,Leptodactylidae
1,0.428690279736207,0.258569012660529,0.625518066048158,0.241323364744347,-0.0558122911476916,-0.225218394131266,0.0819018409401173,0.378724556149721,0.0867705946137593,-0.367436814699505,0.0163559175326398,0.350095648688152,0.0018262344051718,-0.25999902894435,-0.0397745551898017,0.173173125870347,0.117923983187121,-0.00704631193099396,-0.173431172432807,-0.0446566520531851,0.185919872247333,Leptodactylidae
1,0.139991686936295,-0.0814520766734095,0.330178894077792,0.441204115133979,0.219205032419762,0.0333029414755523,-0.261856105376949,-0.205900521217294,0.392961102891989,0.426721053825361,-0.26222845579003,-0.560000686690172,0.039782866500646,0.480668399950473,0.219538194702995,-0.136251882571863,-0.186859350953772,-0.134901864817925,0.102777552868101,0.287386853343826,0.141947611760519,Leptodactylidae
1,-0.035873003937202,0.487165158708997,0.485968538583818,-0.0548073617075965,0.235232798625755,0.0468923006060773,-0.313600645884042,0.208687904520623,0.404487268147178,-0.176580073916246,-0.250186489291344,0.216972921347759,0.229537786557185,-0.0523912518667613,-0.139261266494262,-0.0379769476548065,0.0402476996849293,0.0471379452212576,0.0403637254231999,-0.00785868826050632,-0.113968880987477,Leptodactylidae
1,0.433515496463278,0.612498929557277,0.45042815866887,-0.242003746768064,-0.0103732139283209,0.416031851011216,0.00044322709622745,-0.286375057017829,0.231797512538692,0.256401660706423,-0.219975233641689,-0.0792079977920998,0.262332811152227,0.0174186294568201,-0.137707425447048,0.0939928847967993,0.119712717303566,-0.0847964629986342,-0.0640052522415957,0.0652620765268608,0.038195793972197,Leptodactylidae
0.1661293380116,1,0.283552452655437,0.314783007352529,0.231626153977159,0.39223548763841,-0.0608417840455087,0.121567309185108,0.0393424658142417,0.0287445974879039,-0.0549926816533386,-0.178444904017731,0.0437855394784085,0.0332356638890857,-0.0655890765930562,-0.281579977736743,-0.215808859777742,-0.105635012039547,-0.017391506248504,0.0711564445070622,0.140456336542612,0.00623197898675716,Leptodactylidae
1,0.291384409304728,0.197106671948104,0.660703558411732,0.110086842185277,-0.0416435629874848,-0.137990087814285,0.132583179186646,0.299165598529036,-0.0236300544990369,-0.34385014135181,0.197185497759674,0.45031390096977,-0.15261500303978,-0.342697435450533,0.0871755410091208,0.279858087418496,0.0227669085794489,-0.117887252462654,-0.0950490136899153,0.0839343291612112,0.13382368047685,Leptodactylidae
1,0.479572323059866,0.345864447095091,0.504298666891351,0.12147036917655,0.0680069258845208,-0.0158147986854868,-0.0262298699514545,0.239465803686388,0.120015780873268,-0.241869112804124,-0.00377447583993492,0.307148558596961,-0.0595743635183716,-0.274170575227001,0.126671683964711,0.187234538356506,-0.0913727475221282,-0.101740070150785,-0.0400370984470527,-0.00291687061890629,0.117669631861394,Leptodactylidae
1,0.666559701019443,0.772816908024918,0.454421517807988,0.0246855831645162,0.165459964084648,-0.0494536730060235,0.14170089059804,0.201974896968235,-0.327163118887214,-0.00633331772866344,0.468280450532656,-0.13003378221013,-0.31428443094595,0.195243704041074,0.119417429415464,-0.111964336409582,0.0603885674237634,0.105807975739205,0.16042784152157,0.0509457710626634,-0.177974825424816,Hylidae
1,0.439033390473512,0.303930896399684,0.540113164339079,0.161893405581449,-0.0106636894963182,-0.112698753843647,-0.030187973046523,0.261083800267119,-0.00402660010079385,-0.311689852369718,0.0771965073253106,0.34817985746314,-0.0647592454753583,-0.266691604652332,0.0713091490216008,0.181280248552215,0.0293806112806654,-0.103488607758962,-0.175653538312922,-0.00682968117967819,0.125575918577347,Leptodactylidae
1,0.429428976677066,0.361252884874629,0.571158298680051,0.189112266394339,0.0484845698417074,-0.101802120253031,0.00999667930588758,0.283359160642395,-0.00169040812745498,-0.388590581762016,0.0515520583093271,0.328149151764152,-0.111374075692781,-0.263559332662063,0.117324026119626,0.19719830056692,0.011365794194432,-0.11669831756737,-0.125384478393515,0.0415672141300438,0.216934537483753,Leptodactylidae
1,0.640742023714633,0.694626978864687,0.417853993144484,-0.0503917822221469,0.135931804607756,0.128818154719696,0.390018123698761,0.182364498881727,-0.372715569572088,0.0131250205084453,0.538973893738669,-0.129763124939382,-0.301400340868762,0.256088507098086,0.208588837010879,-0.0637168728782347,-0.0252237690749736,-0.0207860306608447,0.0747051055197797,-0.0189797199244219,-0.246352857250642,Hylidae
1,0.387707614093065,0.242709374594646,0.483009661495272,0.164717930976946,0.0624052095582605,-0.0698774686680742,0.084865999388952,0.296080063487187,0.0267423377003275,-0.258673386046984,0.104774635135616,0.275634278685428,-0.11929356475675,-0.260752387017619,0.0423985589453231,0.182086039202614,0.051035800250276,-0.0901534490828315,-0.134708560027301,0.074359646539428,0.191587290640937,Leptodactylidae
1,0.240537540225906,-0.0668579229458106,0.0250319333169481,0.227992334131753,0.30880772495252,0.165683412841135,-0.00939995490338335,0.0154281842272119,0.132953900758535,-0.0925082735072471,-0.374369535200982,-0.127710935654151,0.372127025526296,0.377155999634387,0.0127978952895377,-0.22704775698427,-0.259136380978389,-0.0749457925436435,0.133570126471533,0.216019078618576,0.0353329543931808,Leptodactylidae
1,0.0131570436666982,0.189364259019794,0.509352357414834,0.21238476381033,0.205365814940844,0.0805780981631094,-0.207515395305904,0.0428766396332213,0.262497492003611,-0.130203049533626,-0.270348315785216,0.167258925677931,0.26056257846266,-0.0446613822564478,-0.0828826996147245,-0.043102915123314,-0.080809239450709,0.0736237153286725,0.243763023939922,0.0113706816304033,-0.216581204598248,Leptodactylidae
1,0.106628206274983,0.139516317169211,0.624212129249522,0.232692238422428,0.00868967599309705,-0.200925631216713,-0.0767521577688358,0.229172450523408,0.133952371163993,-0.289006037414651,-0.0407703354383561,0.377179241184001,0.015004532941586,-0.305598850298813,-0.00706421889921085,0.246306102162596,0.113269027279329,-0.0726936259989647,-0.205917300257027,-0.0576128780835153,0.206252460262075,Leptodactylidae
1,0.413756407932172,0.240039991426659,0.5786370787201,0.164488225444082,0.00139421820802024,-0.140435471599613,0.0761561958941321,0.271852571015055,0.0338046685241567,-0.242342431764419,0.157065715707854,0.346185966361973,-0.113923509935348,-0.227202583088617,0.115417616422506,0.172544171958097,0.0227837224376607,-0.0783183812527736,-0.138852655537797,0.0672958957588514,0.237882283041228,Leptodactylidae
1,0.323776819487858,0.204846873054614,0.561817004675547,0.237305012996755,0.0615415500858312,-0.125125347254539,0.039754879876195,0.247786043293429,0.050758163681334,-0.285445013417623,0.0775334222967378,0.306786125722681,-0.108796631106796,-0.277970670086069,0.0355745324736795,0.162565718072093,0.0478318646164118,-0.0846820913588772,-0.15596309545622,0.0600687598160402,0.21322863627188,Leptodactylidae
1,0.0783628576700389,0.720208709391562,0.518766946011088,-0.00869557217093682,0.0041590127326077,-0.00522736178790584,0.18075254492612,0.162157625367754,-0.159103879414188,-0.057188623695029,0.137386819228848,0.0375715549235117,-0.0333542144288641,-0.0310859505388013,0.00782275824820195,0.0620789025161917,0.0256959358003382,-0.0370078791357398,0.0209714056165225,0.0164179419096318,0.0123106711815169,Hylidae
1,0.114527394155556,0.04810551063687,0.475947309816645,0.220609131630143,-0.0331656590212767,-0.217027727064892,-0.0364078496898011,0.196727628044748,0.0660670655961002,-0.134748863718446,0.158102347860814,0.220457019693745,-0.147304877196042,-0.228343977626756,0.0801772478467574,0.145465451058881,-0.0488345344503398,-0.167525005158906,-0.13730993368709,0.0959162333236864,0.188747669630792,Leptodactylidae
1,0.55212845579551,0.437186029869103,0.192775449356984,0.0350070046166137,0.193869144659689,0.0848566916970064,-0.0828915912714321,0.0613040418000925,0.0866551632017375,-0.0698861414286036,0.0516288259784379,0.0786469500964762,-0.0779010515716049,-0.00514428912846608,0.0904551858736146,0.00734501602732238,-0.0131041652384558,0.0326755076971755,-0.00938347526493435,-0.0164459049642445,0.062013240321274,Hylidae
1,0.215067344763476,0.174267708666961,0.630560117519785,0.225238209170287,0.0873372933117886,-0.0926243604093798,0.0210196817058185,0.237860175995363,0.0639731710315516,-0.267161540888835,0.107840298376551,0.395536914317005,-0.102803097089005,-0.384840306007041,0.000311017869201207,0.238484345857628,0.0535081768217199,-0.0960958473974889,-0.205088402252321,-0.0165946599261862,0.204461985158024,Leptodactylidae
1,0.416058469480833,0.317928626212794,0.520829611922441,0.113913685831201,0.0102106583636837,-0.0486754413450137,0.020884414962362,0.262216110257129,0.116934119752543,-0.32341058764766,-0.0692554652735426,0.358865963857611,0.0133099990158713,-0.286833597345307,0.0111836013686763,0.179662786076174,0.00475135982480033,-0.0433581033393507,-0.0954609780907184,-0.0474039185562248,0.157691461969353,Leptodactylidae
1,-0.281401728158918,0.14986815924452,0.832494653497918,0.284939397385274,0.0970527149846785,0.0283375978043659,-0.222576722018487,0.167977363187159,0.302412658605905,-0.121785493261982,-0.128230346416926,0.295890388134052,0.0961700950923592,-0.23943805416716,-0.0866187703330831,0.200818064722718,0.15099862396517,0.0117533769262116,-0.0930766986972722,-0.123094238836828,-0.0071484167034663,Hylidae
1,-0.0303855587185661,0.698068843804036,0.557914620810174,-0.00404146725248354,-0.0395582176749409,-0.0683577821187568,0.193015736075741,0.230218449136437,-0.136319153943155,-0.0653775063701592,0.148926972105777,0.0734862600611883,-0.00837327988232146,-0.028513800250359,0.0033470880574298,0.0423830116326168,0.010035807045564,-0.0262120649971765,-0.0076755524168797,0.0051175157113205,0.0385836599179181,Hylidae
1,0.554719688762623,0.427489747066611,0.207572539655626,0.0427041945302315,0.18320919350343,0.0839846411077176,-0.0296969404791158,0.0904098440275089,0.0755916220284021,-0.053343126459,0.033445305744378,0.0731395473042308,-0.0414521254515634,-0.002338405075713,0.0633113042675609,-0.0191733856072751,0.00210191605179369,0.0461328682055676,-0.0123272086622067,-4.76456973979557e-05,0.052631026780266,Hylidae
1,-0.0628627293555926,0.225279918885943,0.663880507833428,0.129951491429827,-0.0355633975989763,-0.108952962147189,0.100422344512001,0.3153187600742,0.0166918750506701,-0.298551428815728,0.118564202840271,0.27480586317205,-0.147740799217604,-0.174450004311928,0.0299778661211356,0.00624395714571494,0.029989399143887,0.0119641635116083,-0.105528485322991,0.0449523474903213,0.106602924843412,Leptodactylidae
1,0.129844909579387,0.309305047616188,0.388567929447213,0.107688580945919,0.115878497148573,-0.0192003278323598,-0.0931658814426372,0.114671599325545,0.137641216675132,-0.0318473200004265,-0.0513608910520758,-0.017951907010275,0.0779756991202633,0.132898680760962,-0.0361003471965228,-0.131000034093088,0.0472868360851839,0.106762289501752,-0.0111659578543319,-0.0431378779359615,-0.0309570713414507,Dendrobatidae
1,0.511295597747945,0.672650875604833,0.626835459067244,-0.213887385424728,-0.178193870330076,0.390235264905242,0.0900832371510531,-0.303656563586682,0.162501940639145,0.30923663953047,-0.127546703252688,-0.0983815307128298,0.264527503523563,0.0774785610400616,-0.173726803265507,0.0426623659084101,0.153608506831867,-0.0730753312787197,-0.0737197406709717,0.0597464381706418,0.0524309196352041,Leptodactylidae
1,0.16993365555516,0.0583130358979474,0.276362030617456,0.270103631479646,0.209740040795711,0.0357668113534883,-0.206272966785812,-0.050851326347235,0.359776535352285,0.0817903104592404,-0.382305559097657,-0.2163660335993,0.343778364742597,0.361163381356017,-0.0374526873328707,-0.158649630804581,-0.179568317451876,-0.0698169245132463,0.149701062642575,0.14432879492121,-0.0732744071893023,Leptodactylidae
1,0.14238890569877,0.212683669002399,0.610043033823719,0.233289881247379,0.0761385681365634,-0.0939294340968634,0.0231634756798533,0.223892330402117,-0.0279446693882194,-0.178922503281478,0.222924081664821,0.207023840543246,-0.314532078181285,-0.219034935356476,0.236341895484955,0.230762680309459,-0.0780280377823569,-0.135215159012689,-0.0605565210544419,0.133597790969508,0.173509359744253,Leptodactylidae
1,0.284435560559945,0.138321891518731,0.426601236871384,0.458871568324741,0.347446355374711,0.125590601335732,-0.15177833025006,-0.160078118575864,0.163729698507059,0.194117292735777,-0.183595525068972,-0.324473621690628,-0.0804338046944921,0.0238093602820698,-0.094806349988383,-0.169885825284585,-0.150033816176896,-0.14971111476509,-0.102743013872488,0.00111558571951606,-0.0100634123528089,Leptodactylidae
1,0.245781783512897,0.195839016540929,0.50231867624371,0.148666538609944,0.0127465117273843,-0.129957584564744,0.0568478075004053,0.266934509793276,-0.016107343362943,-0.292158208267321,0.15282864964221,0.296046895784631,-0.151931444096628,-0.240078186075846,0.0960444571076856,0.18140403296185,0.0624718463743561,-0.0826766002417976,-0.189001542728735,0.0642202559759097,0.198884391173664,Leptodactylidae
1,0.233718059536884,0.308745672034828,0.254524676583576,0.160548267920969,0.231903527883768,0.0995848990096202,-0.165703075443117,-0.0156691728325748,0.107900811912162,0.00558880219126481,0.051398186466543,0.131590380369128,-0.0679526903352718,-0.136138349841886,0.0570012257393814,0.123925705562242,0.00712792688274825,-0.0184777317581662,-0.0284210229646576,-0.0414800509563606,0.0233482117076001,Hylidae
1,0.112691069107776,0.0672124594007368,0.609576169624881,0.223947332167624,0.0153119288818724,-0.240752237477543,-0.0922497836763347,0.242391079840578,0.100973876674637,-0.28762130587324,0.0910464007731823,0.440000419814331,-0.0919317171001021,-0.384492784928987,-0.0309151149534918,0.226512873612276,0.0537394410911833,-0.122134200801566,-0.175864763703843,0.0483132881885463,0.270368952155771,Leptodactylidae
1,0.601077136324697,0.262865630227227,0.536669965795999,0.245124391759606,0.0450282919284055,-0.00822769731786779,0.0706455479871314,0.251988392065997,0.0414878363753785,-0.305899171121785,-0.027055213300215,0.314621733682657,-0.0503975431105041,-0.229750065267825,0.012404534201135,0.157725955596876,-0.0290359208199633,-0.167079455019407,-0.188582501260138,-0.017445833241145,0.245415220821783,Leptodactylidae
1,0.31838114536481,0.393542217557824,0.622821589945055,0.112884058445531,-0.0303359765996215,-0.106560554430278,0.0587371018335986,0.263550762174182,-0.0130884772801122,-0.321561605589901,0.144336642296891,0.448708978016284,-0.115867320374125,-0.330787134139363,0.123628518543167,0.233735260697106,-0.00693850054114969,-0.0784727725156147,-0.0255420040308061,0.170767924552917,0.223395028638486,Leptodactylidae
1,0.703804586627532,0.656412153308695,0.403526804575505,0.0462078935912638,0.144783053399732,-0.00363864711480399,0.180929967393958,0.10314995537692,-0.238346308116114,-0.0322313476679484,0.322867519415582,-0.133895832674465,-0.197037891173737,0.220683756846183,0.0505853562294854,-0.188980743258216,-0.00454456233516101,0.0104872863679979,0.0202877078304424,0.0297684789749034,-0.157097009674208,Hylidae
1,0.620475944816599,0.729044344774415,0.39511036097854,-0.00399713164060276,0.134706272919747,0.00264004505865151,0.22031147895241,0.274446602492502,-0.297793022531967,0.0508985543583399,0.457245169185659,-0.140484358964622,-0.177378297218886,0.348724665707183,0.176601835337995,-0.0467707004432308,-0.00730470264460074,0.0562717285971165,0.146814449041652,0.0234412262960413,-0.1866730603897,Hylidae
1,0.161939320202294,0.331280262683557,0.309809311117188,0.127004538360324,0.17572678032188,0.0945960794166812,-0.113405601758629,-0.040007646112133,0.0948890675218391,0.0571673262017924,0.0660183108051959,0.096448281165158,-0.0551929762544129,-0.10224805274954,0.0326733691925025,0.0963239353162676,0.0424378655388435,0.0187190649363146,-0.0218726613567278,-0.050138946580099,0.0183524371799181,Hylidae
1,0.216869350213988,0.234064899287075,0.450404492932265,0.0867546265200566,-0.0294809610851412,-0.118197255746543,0.109295478962021,0.297658745607761,-0.0516321407788823,-0.317641573451129,0.12322852697315,0.200759556841023,-0.291706307250138,-0.268261347124726,0.199491017837408,0.240211193544391,-0.00222778344823765,-0.158079931535483,-0.137879605103975,0.119076940783554,0.178714773905817,Leptodactylidae
1,0.232233895076227,0.334781036817747,0.282428439949555,0.149439868428313,0.17280749797987,0.0892146486752175,-0.0778076737601796,-0.00575377010790389,0.0856081834596238,0.0483744624829823,0.0273741071399721,0.0757861266839363,-0.00849623399917229,-0.0801448024978386,0.0175898109837424,0.0881712194201442,0.0227299628021898,0.0132612919930713,0.00339493469088118,-0.0432411543619505,0.00383678861741714,Hylidae
1,0.643178444566313,0.189794672616554,0.57475478974384,0.484907771937075,0.147573282189491,-0.223770490661727,-0.24126914169892,0.0841721272003436,0.397193678689467,0.1286549016774,-0.16921355054771,-0.183374114595978,0.120740587608678,0.229957146044526,-0.0987328592708854,-0.261549311395795,-0.127934088637668,0.102687678176074,0.178145073021885,0.105337629017746,-0.148850654986047,Hylidae
1,0.360175753674814,0.257812080182429,0.449096868591451,0.0953798930910548,0.0126548437430053,0.135027310974768,-0.0203891693087585,-0.160883310727434,0.0787390286347991,0.258882536313885,-0.101285380790379,-0.354576392355625,0.0759021898006722,0.188491351226907,-0.125837623746586,-0.125050140583091,0.118713803404465,0.00815107597481709,-0.00672424521181425,0.0670990353367668,0.0687125838749966,Dendrobatidae
1,0.988951151199324,0.862711886145591,0.327604629189974,-0.0437675423988743,0.561854569903207,-0.133410051522022,-0.207987722502067,0.278104566851926,0.107722925866165,-0.230674881923012,0.155093046624166,0.0115963021328442,-0.0238905759767574,0.127137569156703,0.0445276451548867,0.00452744779323483,0.0542206793624734,-0.0474357175405738,-0.081916375275218,0.027884459853165,0.00676393255195055,Hylidae
1,0.338445349238832,-0.0986865942795438,0.225875576497745,0.348692543685284,0.118557139707678,-0.154083128061835,-0.054915856009203,0.15643813080132,0.139426612795152,-0.160116923601107,-0.233694837432394,-0.0181633395010126,0.231421416008839,0.143836510639849,-0.0772255054703038,-0.143377374254519,-0.0227575108060717,0.0173144707504564,-0.0693860341193905,-0.0750612262716731,0.0276560425220611,Dendrobatidae
1,0.235780589050776,-0.158203416312694,0.236781997901526,0.461514339822014,0.205910060284756,-0.15734483883319,-0.173246761054422,0.130932757227464,0.324523958074103,0.0781274718622748,-0.232306343571655,-0.129271736658442,0.14670185490804,0.202334839677944,0.0253901876513337,-0.176963511193965,-0.101551813702635,0.0630430168531893,0.0518193021287523,0.0270313325577475,-0.0219308947751285,Dendrobatidae
1,0.0326799962478769,0.146978344330419,0.482955597664425,0.214781590872362,-0.0192236841691397,-0.0871031723219607,-0.023557961965175,0.178791490609403,0.155614570007643,-0.12887062578776,-0.112642047501985,0.149271626937926,0.158304825767671,-0.0560224530800625,-0.118734559556451,0.011881527190931,0.11091559297538,0.0488754974733499,-0.0741876344066388,-0.0768050784451566,0.0148734564274441,Hylidae
1,0.297816509354319,0.0172023951483189,0.377411032870807,0.50690699745904,0.129773664025359,-0.241822083302723,-0.115504742932124,0.164494445064596,0.258851005715609,-0.0224211682805994,-0.296847409485545,-0.00774716039061198,0.282555173170419,0.103364827466475,-0.164086693651773,-0.193334966340702,0.0328957068606635,0.198094279684971,-0.00088952516301708,-0.124103113063229,-0.0448372935364192,Dendrobatidae
1,0.236085303105774,0.1026668022746,0.48311300540406,0.16260452842598,0.0250868348377744,-0.145068998277437,0.00868824248639799,0.278890175216021,0.105457696368038,-0.313271317910038,-0.0401284726952018,0.350185767728683,0.0018372286712612,-0.285143224568077,-0.0264021211901832,0.187519462671869,0.0774348070856396,-0.0984366099452266,-0.184412903780104,0.00698130127416078,0.227130675679147,Leptodactylidae
1,0.301820461142539,0.29952120605635,0.570954044588222,0.183202818813852,0.0728691733906136,-0.0767042373893513,0.00491752920077528,0.207186289801394,0.00229039917587381,-0.260924825671648,0.127553087247389,0.381763444891966,-0.122590911356743,-0.245886185934789,0.146648070687911,0.205198253958259,-0.0324484455508184,-0.0984256174164961,-0.109384791000544,0.071605111810179,0.183287798151576,Leptodactylidae
1,0.351382308886362,0.149315643129477,0.527367939713687,0.214653826458169,0.0321018706750929,-0.151144125118405,0.0394597322889928,0.240361841196249,-0.0399928596745666,-0.304813113682146,0.125718229669911,0.383645006662024,-0.0948287784003826,-0.303317949958576,-0.00230089892855091,0.221317220119054,0.0859122034567617,-0.10930509945732,-0.202985151232843,0.0346218625731274,0.214395504337569,Leptodactylidae
1,-0.285500611553074,0.0630180057761602,0.676325407624949,0.267061048003207,0.0499944850409924,0.00619057477104689,-0.143446839896061,0.092981629882311,0.199294426547809,-0.0400465538787453,-0.123979684363084,0.134594870113568,0.113486038547,-0.110474893512792,-0.0748853475821011,0.091047611989667,0.0570427299752621,-0.000890852007437085,-0.0147055921913668,-0.0541689347798381,-0.0608321197538381,Hylidae
1,0.567613400331561,0.67046827442614,0.543679683402141,-0.174039915548442,-0.00282130481500681,0.447596177925039,0.115236135867769,-0.3139817049972,0.111430754642649,0.214961378338999,-0.192506406966378,-0.123750256572412,0.236419151824953,0.0915636497240551,-0.203782468568528,0.0420355487439519,0.181125890927975,-0.0720268934329125,-0.118215789792688,0.0634377595528809,0.0284181788543373,Leptodactylidae
1,0.503264537101337,0.409878206884719,0.331318296926857,0.15651421311174,0.282964676605594,0.0627424845596331,-0.134226425462193,0.127762107589842,0.138899007309394,-0.136514625197104,0.118629474984592,0.160838324641372,-0.154859335925838,-0.067678670236381,0.186679008508608,0.0619948209070453,-0.0404624163183376,-0.00413399466865635,-0.0311486666240095,0.0328866180557837,0.154974054588725,Hylidae
1,0.167362985316897,0.112941983820042,0.536069373263533,0.165284191570311,-0.0308037631332397,-0.176607956880803,-0.00184592481672091,0.247747346954957,0.10583938232675,-0.243001847979747,0.106559679309538,0.394494607697732,-0.0734842008329762,-0.317224192317981,0.0243402878661659,0.245522094330798,0.070749119825602,-0.129026524886384,-0.235882123809363,0.0107472087526893,0.198838938182436,Leptodactylidae
0.644064446011219,1,0.771646442905349,0.320517476360863,-0.0822641622508166,0.489246021879734,0.368251812559653,-0.0763713753323465,0.119509350931397,0.0481472053949791,-0.405172408909207,0.0109793488428769,0.285452590872917,-0.104963490917853,-0.131545954446555,0.0399829840512001,-0.0940749609157388,-0.17680251224736,-0.00226123591329952,-0.0372893330987806,-0.110021292828933,0.0142416544514121,Hylidae
1,0.0614329236200032,-0.0850421934140669,0.346136722383918,0.167198266362972,0.0778739384835193,-0.0784483288417467,0.0282360661347033,0.233054480422222,0.177382403020254,-0.129827754579086,0.0641297635689655,0.268772485653567,-0.105379425334717,-0.281855261477207,0.0651241712723998,0.29345536557192,0.11605011228233,-0.113288321086176,-0.211904919746019,-0.0482956616557206,0.21660936607571,Leptodactylidae
1,0.161194613240628,0.316212970310856,0.300965719482646,0.161687974563851,0.194734872467398,0.0985843726463473,-0.120870911931431,-0.04774468244848,0.0840417364616595,0.0617369072090283,0.0675577676416302,0.0872033916213343,-0.0699233867531549,-0.118810680705687,0.0559640798612475,0.0895667441239993,0.0102755747313358,0.01278298833402,-0.0248031664732652,-0.0519918181834905,0.036390544323052,Hylidae
1,0.171366820163529,0.330434288335086,0.296961277887024,0.200035007035698,0.191697287474689,0.109255187962273,-0.152095601962654,-0.0638354987689584,0.086425212259095,0.0775977873120808,0.0566446956122697,0.103617710341264,-0.0626261823364445,-0.164187503847017,0.0289130451444711,0.141572813068314,0.0284876439849546,0.0045345988162865,-0.013609864008473,-0.0603089081292601,0.0126400191308143,Hylidae
1,0.606871661088407,0.469132031397097,0.263003295139274,-0.0127181270589294,0.138781393069489,0.0762631413804496,-0.0575710759935264,0.0733115133660231,0.0758764930641584,-0.101082619305251,0.000442654005606388,0.105269501485206,-0.074636756768027,-0.0638861788262586,0.0831392719113904,0.0292955610901685,-0.0152198369221479,0.0238506346812347,-0.010805402202891,-0.0283400895455014,0.0608854133819807,Hylidae
1,0.378786321817027,0.328252736011732,0.250843474667807,-0.0103164349669226,0.0169477006058727,0.153885160097781,0.0512122475790879,-0.0618491780599864,0.0374176825605804,0.0823710156683874,-0.0109089548517189,-0.0253315252337548,0.041218693771483,0.0298705722065607,-0.0156786567875315,-0.00375341524159375,0.0178511061120624,0.0118321729632381,0.00322679016948656,-0.00239463083618801,-3.12043109997735e-06,Bufonidae
1,0.675630317098493,0.405947843111791,0.548813549439401,0.167778247615777,-0.0054798587947072,-0.105035029161562,0.0716073777568396,0.212835069245249,0.0510121639064638,-0.306091739351403,-0.0686685056171603,0.33200276465411,0.0402740904455152,-0.234098735425811,0.0153163986086519,0.182563386700056,0.0574735921571732,-0.0309737674915982,-0.132319028799339,-0.0395669376343157,0.175661352775109,Leptodactylidae
1,0.192489303670549,0.431728527159096,0.303753459953292,0.0967919613012347,0.136919657391088,0.0129311880985595,-0.0329022369044326,0.0464089261853672,0.0674749159030975,0.00997873519183946,0.0103743463846793,0.0527321714339617,0.0164376132270846,-0.0591208588109229,0.0118732116403825,0.0508171087604266,0.00889543748379225,0.0112937521624466,-0.0237304338598452,-0.0175929608829304,0.0514492707955296,Hylidae
1,0.305564530531919,0.154588985369155,0.559745243919528,0.27037192218298,0.0890700675590258,-0.100612120022465,0.0161147164623967,0.127479732932677,-0.00887855884228012,-0.307765459146544,0.0146239941379379,0.35958170528368,0.0702704605101474,-0.277818043243306,-0.072548204302846,0.217640398216305,0.151248605336523,-0.086251324383033,-0.220688279334147,0.0326449774893775,0.215848255645543,Leptodactylidae
1,0.593052619957346,0.355858795401426,0.534473618142861,0.179573153890311,0.0563623731015438,-0.0391983900471889,0.0633810792880385,0.344435484514824,0.0177193322714092,-0.315749410512651,0.0868955875738763,0.381316397225685,-0.0754448311307874,-0.214336580626935,0.133236462478861,0.198370953838552,0.00467421094737234,-0.0753891675440397,-0.0997008609961922,0.060292128007274,0.209811088679328,Leptodactylidae
1,0.264793226636873,0.000275877133367936,0.401815249951659,0.480249738187606,0.234050331182387,-0.197398820677845,-0.24906724801393,0.117560709878108,0.24219256742679,-0.0163837423879833,-0.150849714165989,-0.00911946715155173,0.181911567723765,0.121719153758347,-0.100492608578492,-0.133644414760881,0.0411983036746637,0.128915218817983,-0.0199471892883147,-0.119333510326741,-0.0768493773700795,Dendrobatidae
1,0.24457583954382,0.0946023949777084,0.381683047331904,0.339732971754112,0.272715770131895,0.133109774510141,-0.145840708507279,-0.122960462390373,0.200734475880429,0.218352229311072,-0.158050886769964,-0.254381673273712,-0.0157236931109546,0.0979169078909332,-0.00888279796390528,-0.0991553573089853,-0.139969030185909,-0.152898969522391,-0.0848091435647151,-0.0142042730138838,0.00357550569086532,Leptodactylidae
1,0.121027083977252,0.0744298562613385,0.534321980394061,0.199949863513306,0.0106393241096771,-0.146110236490779,0.00357026614397716,0.240976891345924,0.0894873820419851,-0.291419043316069,-0.0415301666104311,0.346977411962102,0.0695576426182545,-0.281082227717506,-0.0479664024214921,0.244305961228934,0.14677283400716,-0.0598803928624926,-0.17304521082535,-0.0711407175438421,0.236796266088355,Leptodactylidae
1,0.254203207698836,-0.0234259766881263,0.139407150588873,0.300629655539994,0.155400257425085,-0.0517442680042033,-0.0616162306256011,0.132343980263156,0.0716505829080726,-0.187996590576623,-0.274097765847546,0.0244865440430123,0.359194350196219,0.316900593608312,-0.0792861719597395,-0.282875275420406,-0.174391552795074,0.0869915688995259,0.155597444097117,0.0456811181425965,-0.0262790649861534,Leptodactylidae
1,0.405387006883352,0.217122955481077,0.528989942418981,0.147972858097924,-0.00781022142819635,-0.131189322121296,0.0793779769577881,0.31407211853219,0.0772563074525682,-0.245162813707738,0.0742913532667847,0.32828688322672,-0.0541990879747621,-0.187500281517397,0.0633947206194619,0.169376059078998,0.0354197119389951,-0.0543589337751418,-0.122642315551307,0.0402164400270187,0.171547258508629,Leptodactylidae
1,0.0717247484598884,0.180887434913766,0.651100980651341,0.312836964235075,0.0682251913239389,-0.122496395828835,0.00420144548474144,0.228212160582858,0.0247230418952065,-0.162818673510725,0.187582842627911,0.238643691735397,-0.254361474319974,-0.215207266760907,0.247010535565473,0.229751389668891,-0.0960677614507017,-0.200166777036479,-0.102177259833701,0.16674922070665,0.238997014559691,Leptodactylidae
1,0.44690073446879,0.642500397948445,0.553650399939123,-0.145897191435386,-0.0537240670569702,0.417837332069645,0.058393243977371,-0.261142022360397,0.166151268198359,0.237728643179109,-0.171175866011251,-0.11182416705466,0.145646482437003,0.00324912312400444,-0.132692160739252,-0.0126025799955038,0.0688177376318616,-0.0648415507141297,-0.0146249435174327,0.09118886393627,-0.0286895102258577,Leptodactylidae
1,0.521511521136885,0.60038590699635,0.535682115374556,-0.164617181166418,-0.120998861337244,0.40849816795419,0.0980796720052624,-0.306970853928861,0.102002234105819,0.220630264113457,-0.143251239538777,-0.194705970723561,0.165735317218256,0.0858968622720928,-0.14252552762029,0.0235541045389182,0.1147626080855,-0.031039491529683,-0.0406332060031518,0.0864910460767785,0.0580576861760556,Leptodactylidae
1,0.206293352408408,0.328578942925021,0.328798578284804,0.140071428082848,0.197246866535062,0.139126714305176,-0.135448568399631,-0.0501551096624207,0.0970057478219902,0.0634891096118827,0.0627164363518713,0.0912429465807146,-0.0427748979414834,-0.0934990760131451,0.0536553608286598,0.094705557894879,0.00846935561868544,-0.0142915110207511,-0.0399482341215152,-0.0586373964415831,0.0202385699115844,Hylidae
1,0.344547095855034,0.168488671127656,0.648841375895711,0.24991558956095,-0.0287286939079924,-0.142482450878693,0.129013683190341,0.292239611625663,-0.0681156313760792,-0.374016821760997,0.141252312674533,0.335589678892994,-0.230967925844823,-0.330097706804221,0.130043517619975,0.222038229106929,-0.0651831525736208,-0.138012239381355,-0.113134112367451,0.0613687569465455,0.151553815512499,Leptodactylidae
1,0.523924081618665,0.527908680436959,0.229660841217094,0.00566155541292324,0.184239634711788,0.0709746008622348,-0.0596901746572595,0.140904574011217,0.119765433515299,-0.0956305300227653,-0.0016143105324904,0.0895541504135482,-0.0224277142812027,-0.00909382528300361,0.0248566642458612,-0.00570703409391683,0.0249462138372744,0.0309343700526529,-0.0210937815742596,-0.0118212335941238,0.0502869192410092,Hylidae
1,0.215172489673893,-0.0729801953893684,0.15900922797778,0.266140096605659,0.259536697676068,0.120535453324546,-0.130074865245603,-0.223939924664034,-0.00257535402972757,0.165361122229442,0.0461157978764867,-0.0777093328157665,-0.0185434712834287,-0.0523047985299359,-0.111393429348481,0.0128928099545975,0.146367338659743,0.0512942030282477,-0.0789876331876938,-0.0127093971010291,-0.0146317490708959,Dendrobatidae
1,0.219035971471291,0.207764892051235,0.542088374600915,0.227146158852013,0.14097400935484,-0.0655260831669872,0.0263268209762067,0.191762035481717,-0.020469323867488,-0.12938358010387,0.242812343090261,0.177042623175105,-0.283171331026546,-0.133233692268585,0.265174713156801,0.123698735082019,-0.162319899509639,-0.169062172142022,-0.0325443796076952,0.15611229812482,0.112349432581076,Leptodactylidae
1,0.513694632854832,0.649145053089765,0.470563514274631,-0.164089622402602,0.022508631726631,0.416509185106994,0.0347036953894482,-0.23590946666986,0.23200168437127,0.245790051299634,-0.200954198897518,-0.0108474662081513,0.266755427111976,-0.00654302406583865,-0.126597745799925,0.101155845418774,0.0795986955483592,-0.0937779701563222,-0.00949465522016004,0.118976357990336,0.017500911400448,Leptodactylidae
0.588447432925476,0.929753443913508,0.393123562609514,1,0.571067173135846,0.0803451516700219,-0.121579252127082,0.142776966533745,0.308601181726705,-0.0540667003633312,-0.418190793345476,-0.102572242990273,0.390455742213796,-0.125741158598639,-0.455524034850399,-0.0653386888838323,0.323771045732992,0.18768500365898,-0.0206965639797386,-0.155868949370052,0.137658320158699,0.261550790534487,Leptodactylidae
1,0.184843538625354,0.342330285921448,0.286768729077592,0.127536138973677,0.177934021470219,0.0642592174988543,-0.106789786977009,-0.0174185542127581,0.0518037495295568,0.0620339198803848,0.0364629311471127,0.0278523638732101,-0.0163901402761012,-0.0561915140584917,0.0109938462706072,0.0705589112544089,0.03161265613593,0.0107205482522804,-0.00448586602417328,-0.0233132043520658,0.00886178104742093,Hylidae
1,0.620495387874479,0.431783767844048,0.36982213122523,0.118891619846136,0.197765208708118,-0.0232862922380089,0.0686715187762397,0.189002983579695,-0.0473493909088259,-0.0506242049371662,0.200259837388312,-0.031591693594735,-0.112596158991335,0.18132596387574,0.0900490302345766,-0.0704899832385629,-0.0184278745761873,0.00370071911218946,0.00956657019541722,0.0595890132166037,-0.0506614598288402,Hylidae
1,0.329141002438911,0.171561356916634,0.570958211237212,0.236655521572147,0.0557072360336684,-0.140985672752348,0.0207679475870995,0.240540153014319,0.0114164542402525,-0.261065723424828,0.0892372268552141,0.312392024709655,-0.0819646304187621,-0.211197517030746,0.0737089227533349,0.179488267841518,0.0119445398201648,-0.103187482784689,-0.168761127075925,0.0554582500929675,0.224579045897393,Leptodactylidae
1,0.104200808824236,0.26548091598429,0.551810354266282,0.0782698685786944,-0.118555156914924,0.0954788108167011,0.0824069903237326,-0.0648900166442363,0.0858401821705834,0.117863549662196,-0.0645898837318028,-0.0705167358512643,0.100932901829517,0.0290978359242612,-0.0510628667952707,0.0430932776273716,0.07132030258469,-0.04391585436934,-0.0470887065573162,0.0228793530800047,0.0340927927878365,Hylidae
1,0.237693242358217,0.213369546097639,0.607787785300831,0.171907060488434,0.00670159212224185,-0.0980837259844942,0.10566763964988,0.283764217836351,-0.00723504753821809,-0.309501594893363,0.170866348822961,0.372097624574504,-0.177154522631331,-0.318950883018796,0.0860201451885109,0.226903217573697,-0.00724772119043677,-0.0822997694758495,-0.0509605478868618,0.077632375132725,0.179873836067408,Leptodactylidae
1,0.544654819845262,0.422319033429614,0.219979656074264,0.0637914067673241,0.131090946699113,0.0460216669949143,-0.0231862967882068,0.11024671065969,0.0818548369195187,-0.090637543664474,0.0405360318436363,0.0819993412813554,-0.0639376342420418,-0.0144466696624112,0.0406845442782347,-0.02776334934433,0.0150858154035095,0.0493311130681018,-0.0438795077743726,-0.00912530027306014,0.0686162691898378,Hylidae
1,0.00493792225688814,0.401779472809723,0.396591161034857,0.203449588781432,0.245561652420396,0.132571436059369,-0.1445997799734,-0.0318676829086357,0.0524071416248729,0.0973606557064544,0.0635912476737298,0.0609147993548815,-0.0498747555534567,-0.11858864092066,-0.0221524998948949,0.105289567445982,0.0307443958459638,-0.0165500271012015,0.0233752548904849,-0.066857673156551,-0.00734022709401367,Hylidae
1,0.323840555284327,0.40745624201719,0.324096489899041,0.354789525357906,0.158101913165333,-0.256817533944325,0.0695689943477657,0.107689373757406,-0.00150021242698671,0.0625484520259989,-0.000561798064455074,-0.00588113964158903,-0.0154079697757317,-0.0342104442965026,0.0745644867028068,0.0373295645804122,-0.0446807949672017,-0.011104059240142,-0.00873105427884322,0.0110698018593368,0.0183717667820336,Hylidae
1,0.588099755777241,0.778164161261497,0.658202009625442,-0.190057837974814,-0.0578939715009166,0.53906824899832,0.0387913302001833,-0.329380640304037,0.196649235374918,0.333116312286593,-0.137678363118292,-0.118728952108789,0.157420985249196,0.0778470092423302,-0.093775893776793,0.0464676157423144,0.114000511117527,-0.0753637617737851,-0.129020766416482,-0.0239997363461605,0.00195601789500241,Leptodactylidae
1,0.123574152432731,0.338307665602286,0.337471575237996,0.14567199215835,0.181561519210563,0.0885571368010195,-0.107789966489812,-0.0383324581549999,0.0771581266075262,0.0637944335712734,0.0447594427645034,0.0833422439095578,-0.0527224295920787,-0.112063953246047,0.0429732081519689,0.122781322791477,0.0375316566589886,0.000625036019948773,-0.0189957111536421,-0.0747158753284649,0.011984592536323,Hylidae
1,0.69069424655406,0.648971118254909,0.340715466646023,0.0218538664758499,0.120178416560798,-0.0859450288667396,0.109825833831285,0.150738402847681,-0.222133354044178,-0.0294137863322352,0.330721239581313,-0.162836599182525,-0.249771124008084,0.250070086454325,0.113067194784055,-0.0774248683237509,0.042601499165186,0.0390724815647784,0.0747977999433191,0.0560853610134591,-0.169563966886483,Hylidae
1,0.415220197009446,0.184241094919947,0.673853780594039,0.291574483151147,0.0176945951863392,-0.181320211895539,0.107065887210627,0.355297477309933,0.122074098013055,-0.297225158155778,-0.00757195583566636,0.383820300056741,0.0253497608171618,-0.30991347407535,-0.0540919948719927,0.175391976223676,0.0751230902288994,-0.0704727933680471,-0.143786023927232,-0.0134479830179749,0.205743393795042,Leptodactylidae
1,0.374113645313708,0.317846644535524,0.55483229673333,0.134069823864038,-0.00279905048835654,-0.0633708546974525,0.0541205522484634,0.251022189415418,-0.0191642865456982,-0.302890707727477,0.0951182994153663,0.335603627363811,-0.18018993336046,-0.279296168557849,0.144413701222452,0.178772654161399,-0.0742261674594051,-0.107104387055822,-0.0352651355860659,0.119330263213261,0.11804394305563,Leptodactylidae
1,0.304526264061477,0.227797398281119,0.460784457415806,0.167404490198082,0.0482557051763234,0.11381931185749,0.0263165051035549,-0.149315593916332,0.0657249184770878,0.245282259294747,-0.0554271024446036,-0.292375482357574,0.0394692469281658,0.207432199675348,-0.130965768232166,-0.135197649497212,0.0573175767073024,-0.019607793801332,-0.0889631565620551,-0.0226628044104471,0.028329280491295,Dendrobatidae
1,0.297751959555052,0.0268089874095337,0.358414457080294,0.324923789767682,0.111050197480827,-0.156584308187611,-0.164891429081578,0.167046511748912,0.279762052573871,-0.0733086991491553,-0.247522986977493,0.0039288467685645,0.264555156932067,0.150489271990282,-0.0972786788223998,-0.142905131421297,0.0397007310650638,0.180342240201192,0.0279343105637288,-0.112649079089661,-0.0987724492419567,Dendrobatidae
1,0.317677493837725,0.26576735399427,0.559343829774112,0.212548792952771,-0.0260344318450404,-0.116630734404884,0.0482619287011141,0.255234819430057,-0.0205923606933287,-0.320857376148525,0.0920070968038642,0.37265923887682,-0.067719022800065,-0.302858982058796,0.00259654661854433,0.240384738332778,0.128638586162686,-0.0990733439909815,-0.192419992734361,0.0558220592346986,0.253573606272678,Leptodactylidae
1,0.168651377849771,0.0914649270170154,0.488181028376527,0.181546937952991,0.0146537045258217,-0.155276974897516,-0.0525342900593657,0.204356345205855,0.0543848953012964,-0.219104316105869,0.105785368450814,0.376011012018254,-0.0878598515946859,-0.297703475401889,0.0866710640011158,0.229273187780572,0.0490433789488927,-0.128070965903203,-0.146036607220133,0.0436752800139862,0.227288237915676,Leptodactylidae
1,0.199563260383587,0.534060562716506,0.334588537238488,-0.147384171168981,0.305456184846837,0.305613951348642,-0.183463268498771,-0.00882115367919305,0.140298418907108,-0.227965219761013,-0.0656362160337684,0.269800135942569,0.0460697883509755,-0.177945762216601,-0.0286037116020231,0.0346937602925559,-0.0816214440840725,-0.0465655451566035,0.0974891874537644,0.0966409555510197,-0.104318268004686,Leptodactylidae
1,0.138696524437486,0.190971226081529,0.569785672442652,0.262763245441825,0.0931621101306924,-0.141419305679257,-0.0405654169823147,0.212367093328829,0.0402891303636986,-0.147008907742022,0.196358403774326,0.186002011736226,-0.28909548798423,-0.179674983290864,0.284712176419495,0.248137966902861,-0.105741592904839,-0.191871838315673,-0.095855452049087,0.181653858767197,0.216069691229157,Leptodactylidae
1,0.664362333838922,0.729181923175582,0.328820780405295,-0.0423050328241725,0.113761823162149,0.100361979136625,0.221396987136281,0.161743256791266,-0.167404686231315,0.0465890033569167,0.4690034130982,-0.108267354776133,-0.211157193418755,0.328142272710961,0.13873099349075,-0.105269532636022,0.0135762436194619,-0.0678802917312712,0.091081596918105,0.037977115641041,-0.225502296745805,Hylidae
1,0.203985780618729,0.19843027760831,0.583226479731136,0.261972568711739,0.0856217549512247,-0.16000785556569,-0.0614311144489786,0.215440068736344,0.0518188078503084,-0.18214924417474,0.222497464834212,0.289655315681912,-0.251895630337398,-0.193175897653123,0.259004773392059,0.268858003012883,-0.0732656490246778,-0.196106516803541,-0.11150121870611,0.183423122662501,0.208860166998744,Leptodactylidae
1,0.202247414058752,0.221163691059803,0.598234447876973,0.250312486118527,0.0385712423309902,-0.244386507558412,0.0287343691947552,0.329556480271903,0.0902813362595726,-0.2782044598829,0.109100631324293,0.424905002528303,-0.0242959573602281,-0.295086346173263,-0.0243873280389417,0.192568861372654,0.0420335389765517,-0.106306267867174,-0.179679779994357,0.0337623217983763,0.260031824253071,Leptodactylidae
1,0.545819593808953,0.529353481022504,0.487865269436692,0.0728420440886941,0.232213193599851,-0.000534947713809642,-0.0374467568523011,0.158900049448256,-0.0843174617845318,-0.0904966095368573,0.391207375461931,0.0698024001638251,-0.179034004360475,0.137702402294087,0.187670470816938,-0.0776072574275657,0.00107427520569771,0.00691621353763539,-0.0269373796312837,0.0402480307981603,0.00882012155214043,Hylidae
1,0.428357098770694,0.229269764689349,0.345231177767412,0.0689446899406702,0.0758982893846485,0.0646931493865397,-0.0212969110620015,-0.183741562078529,-0.00109806380353738,0.147900336613275,-0.131496858976992,-0.262000435564842,0.142264996868737,0.128155288658651,-0.16707124908001,-0.145724086774318,0.0332984937234453,-0.0158201611203765,-0.0920068403989143,-0.000313927450636704,-0.0150093983744479,Dendrobatidae
1,0.123192028703747,0.625374731691965,0.385778894557948,0.170993978495333,0.194371305736118,0.0118314417641905,-0.0368063596090216,0.0446001883004586,0.0719783688976914,0.0750539386796835,0.00706193390377843,0.128216549774366,0.0873069580774538,-0.129205956516866,0.0619223798560575,0.15925646434307,-0.0368906743621545,0.0258694313700326,0.0679558306482805,-0.000365806781500405,0.00570725122057264,Hylidae
1,0.48113586858056,0.414734118123195,0.202913383192997,0.0437904803604416,0.160889436506782,0.0528374082620172,-0.0355405119636686,0.0730731329176098,0.0612781196974656,-0.031830428199727,0.0426489730348584,0.0505795830883754,-0.0438356279029116,-0.0181232804193249,0.0751026347341452,0.0125095255006742,-0.0241094291685312,0.00354144062830238,-0.0245730882069248,-0.00117606546492821,0.0570966002243867,Hylidae
1,0.336199313823157,0.191074180330084,0.617494399379238,0.156228804215646,0.0456777034165642,-0.118207058645797,0.00255640128804984,0.255887573005027,0.0442652192403814,-0.341265518520417,0.0522629153112482,0.424065578134173,-0.013766844740347,-0.289933173462801,0.101229140627972,0.320118081387226,0.0680118952931609,-0.122975886117046,-0.19798688780884,-0.0358175341904036,0.190222077339122,Leptodactylidae
1,0.615692697043921,0.154523900202217,0.646961099035655,0.313140862109398,0.0174642623412851,-0.165703473345443,0.136533569506788,0.170737928875735,0.0421432410920478,-0.180992510016156,0.0371857377701169,0.355719083555047,0.195781661701118,-0.0887909967864322,-0.134395402415783,0.0717227982092783,0.137986647673938,0.0718662191451563,-0.181297911534039,-0.152929035727421,0.100902356773953,Leptodactylidae
1,0.24806032587553,-0.114909573390133,0.215415798957042,0.393059075625312,0.23496836821131,-0.0665524182450107,-0.0848515917635612,0.0764779109472343,0.168670688248824,-0.0622794929368398,-0.224518130049902,-0.0629195368212973,0.149446711020573,0.194693106955137,-0.0051884266256992,-0.163506318406737,-0.08372426638679,0.0590700652735515,0.107048759117436,0.0210482318520205,-0.033027306790062,Dendrobatidae
1,0.361499866828514,0.273347646967873,0.617556041912726,0.202468418603601,-0.0825052812590368,-0.157194652678059,0.137002585418649,0.260376325351292,-0.0470882980382149,-0.3145992138179,0.142907329242093,0.306879083782792,-0.215636611548763,-0.281582788897953,0.131346906783871,0.218781242695899,-0.0073206728897784,-0.0850095854327689,-0.113856588969662,0.0591772909879008,0.141882664289677,Leptodactylidae
1,0.530747498414438,0.0134882733232046,-0.0536539023776791,0.0684822762791606,0.208088881375024,0.206368042215048,0.156460905900993,0.0972401960146696,0.0202298162347167,-0.108446764355285,-0.171503180821567,-0.0782711504757058,0.16531022509704,0.238259325571818,0.151976151692962,-0.0554492723800773,-0.2112011625331,-0.210948015972235,-0.0723029734229961,0.0383304075233557,0.0863066590535641,Leptodactylidae
1,0.474456652016085,0.641166487254784,0.446003858244413,-0.218949318297108,-0.0256287157896724,0.382299806868556,-0.0183007263317948,-0.307629771824094,0.21369618695849,0.240245773374795,-0.196422663039936,-0.0809389000619406,0.207414429062413,0.0248001597793887,-0.111376405338301,0.0824831570612987,0.126871806175874,-0.0566693003569664,0.0038243591116248,0.0491388837524831,0.0273060804332586,Leptodactylidae
1,0.363129086903663,0.169994263306365,0.629952256813883,0.393416938865714,0.0895299765835773,-0.200375827536568,-0.0374223334179844,0.0537752135008309,0.00633871377044544,-0.14359124618917,-0.127292207907874,0.0435065627869066,-0.0384044145075908,-0.196508909820513,0.000816882817270708,0.140276645761054,-0.00410773971723404,-0.174818832475879,-0.120715433290452,0.0324019518738176,0.0973788001042583,Hylidae
1,0.20347890219893,0.398456665108511,0.277814909306356,0.114303292515922,0.17123620508108,0.0562189228942443,-0.0715220412259702,-0.00890949219699168,0.0765237173505064,0.0783752777575609,0.033106765120843,0.0274595345077733,-0.00709172755381362,-0.0563845981322179,0.0109150596898441,0.063936876337246,0.00826057036212493,-0.000203025213216607,0.0203189478718237,-0.022193392956349,-0.0117563319006565,Hylidae
1,0.390778473459817,0.273234160524337,0.53227682420783,0.17474050394532,0.0312193835508791,-0.107194351792011,0.0913363539332813,0.289930627521751,-0.0506244113385719,-0.293511050002368,0.10749125055001,0.328488900280445,-0.142031268038089,-0.303776234185855,0.0496955227904219,0.147120005664813,0.0431927182147846,-0.0466356061662779,-0.129655707381654,0.068484159949935,0.184944123902758,Leptodactylidae
1,0.196604793473142,0.309499630501081,0.296835449487807,0.17017501254518,0.175314276471101,0.128538404719287,-0.13260630802578,-0.0424606801826213,0.100107239300092,0.0262591203730643,0.0126292205838913,0.0848680676406205,-0.00932273540388127,-0.10034432610244,0.00364193606282011,0.121437456355748,0.0186689240001504,-0.00580855676566583,0.00129554262153859,-0.0480575450636166,-0.036713773140179,Hylidae
1,0.429594731928401,0.104255848585684,0.343786123099735,0.263112346625186,0.177421732639044,-0.0174348633290014,-0.163721980209715,-0.000481481348867856,0.307371068817218,0.106304801254817,-0.253087060507056,-0.164214629075943,0.142734512585266,0.166403805947874,-0.0239720250497064,-0.0854908942219568,-0.0463332682412531,0.0332791491797261,0.192146445916674,0.102512772144913,-0.172897444438996,Hylidae
1,0.458764694129934,0.63534182877215,0.588336727454528,-0.123890211270252,-0.0544848629224118,0.400523448280057,0.0288176232033333,-0.390018723488905,0.0908237506080387,0.229515494542807,-0.142028770670282,-0.105408169673084,0.215525500812345,0.095770271898906,-0.16275122074434,0.0449050441462507,0.113399525940616,-0.0705220779325373,-0.0560374197435764,0.0512410080336386,0.0077550864205914,Leptodactylidae
1,0.681878996912361,0.821077222734608,0.436914802963111,-0.193857882194397,0.185821452351562,0.305495862742853,-0.195768835226935,-0.0225401029196798,0.175153385088985,-0.00229268233029244,-0.122320337252599,0.0541421815830299,0.0418163537941668,-0.0335757683211237,0.0132371209531878,-0.0357225986637478,0.000862870695392569,0.00192300610564121,-0.0361674468706807,0.020735167725696,0.023719450690061,Hylidae
1,0.456344451036593,0.904182097816221,0.178128639827278,-0.256002166529716,0.341687433656741,0.0647803505749041,-0.172449988079517,0.150222126982866,0.0175077492173917,-0.116708710811663,0.0938375981206451,-0.00532861823158348,-0.0118675442067391,0.0592457780660579,-0.043378524137926,0.0200564819655778,0.016183294187817,-0.0791045597251216,-0.0279322262081874,0.0691150191311596,0.0411895460548883,Leptodactylidae
1,0.524058443772324,0.41760628410739,0.345435407124883,0.0410366431747889,0.196653383474171,0.00325524044144368,0.0648817599480206,0.20907613524266,-0.0944309680870654,-0.111406380939487,0.278458349454655,-0.0532861538435044,-0.251573854888447,0.121327601406116,0.148792284381915,-0.0804117324034546,0.0464105868525122,0.0720567451752662,0.0128803854525084,0.0719407168378733,-0.0654532604236803,Hylidae
1,0.182197162616912,0.152126564592557,0.593357319701915,0.239245760046343,0.0308330371149381,-0.183601786053596,0.0607583235548623,0.347682102328914,0.0953609789568008,-0.255490019393049,0.084557513713709,0.372975962290009,-0.0274017138998321,-0.279636818510922,0.0678353415863178,0.269264749099493,0.060089242213997,-0.183449187374595,-0.250746594960286,0.00668559228943237,0.185281786942172,Leptodactylidae
1,0.349978829040931,0.313366824886436,0.619903105607715,0.0671298921747458,-0.114794686957142,-0.0748662434106608,0.109376050862614,0.264965366312596,0.0488409135317793,-0.275799625600501,0.043552154714358,0.387378096415642,-0.0750951887640483,-0.271089151553747,0.107606133292318,0.174978915903596,-0.0402160525680047,0.00255458622609504,-0.0241244642722394,-0.0920288726449325,0.0868807126431076,Leptodactylidae
1,0.228805320008055,0.0394169885163682,0.141628235225229,0.111215015126131,0.132705874777025,0.078878778639117,-0.146717926966754,-0.217910322478405,0.0184827056622168,0.137924575928862,-0.0220421493733315,-0.0583368586661826,0.0464664918845455,-0.0183809398754341,-0.0969963572506934,0.0705135501061722,0.155068305280094,-0.0167547956673789,-0.117585620901944,-0.0524928407347501,0.00746023739322184,Dendrobatidae
1,0.282662982833612,0.0437384910423651,0.161548558225885,0.195474905973315,0.189010216291335,0.0905884798259027,-0.0768251645091067,-0.121958107678896,0.0349455802131041,0.115439388036961,0.0314037011870576,-0.0134668872515754,0.00769885860480564,-0.0608101745467075,-0.0943902080471298,0.0259470311730386,0.0734103521341844,-0.0111340871028122,-0.0514825464500935,0.00105923802884555,0.00933704126539354,Dendrobatidae
1,0.198236108886455,0.087719391500461,0.542390163572395,0.170195202038492,0.00650278889179037,-0.151687849337059,-0.0242108891616557,0.22228468612835,0.0525573308898232,-0.242912535366078,0.0606849886064152,0.33408687664251,-0.120250197393558,-0.303339453204708,0.0319844994829702,0.179931912107088,0.0170289956069414,-0.182961739665901,-0.234705705309533,-0.00695832897184517,0.245347416368586,Leptodactylidae
1,0.114383491610907,0.291790055105931,0.344827241523651,0.16014475839401,0.224799765793163,0.116717705044778,-0.168492185229335,-0.0633063385421261,0.126336809155233,0.070543040517004,0.0582949123903614,0.0980130740029771,-0.0633219755114728,-0.141874879008043,0.027388235329798,0.121576179008463,0.0470196115359858,0.000214217873217346,-0.0431722783104507,-0.0572940525809396,0.023965584205099,Hylidae
1,0.486909880806262,0.428335600299069,0.224507160489428,0.0167071897546192,0.155649244393513,0.0447225434874013,-0.0435541646403899,0.0600566932780239,0.0794932078766956,-0.0397368660459829,0.0398389273420661,0.0493996918129825,-0.045497673517812,-0.0214056309762528,0.0546672939509368,0.00746165913159288,-0.0210659537219479,0.034072267074203,0.00293503951947718,-0.00782836266465372,0.0347403300273851,Hylidae
1,0.260913687552324,0.195401722139718,0.497887291006788,0.168213610864977,0.0365707600425472,-0.090311925237265,0.0640873112678349,0.289242181073445,0.018740079765223,-0.329835220178241,0.0389835121835153,0.275829607755522,-0.115572333978503,-0.254500260388091,0.075367140668642,0.197074224466027,0.10907496108653,-0.0539680328320653,-0.164693751136406,0.0384006343391126,0.202064992226132,Leptodactylidae
1,0.239129548148568,-0.0962419208752977,0.196278518258866,0.30307155747073,0.222532614871195,0.0625219132506014,-0.0974742890639794,0.0666715244897009,0.296560978834557,-0.0215154969298233,-0.424182621165795,-0.225554062884512,0.361583039815328,0.406152003354442,0.0836349862805582,-0.166929112444442,-0.22642703058046,-0.120150417230592,0.0796154488223744,0.130616403819369,0.0114329771088314,Leptodactylidae
1,0.477256454821984,0.269657488444818,0.535027092817982,0.118810072816659,0.0419315576429778,-0.0597352997987679,0.112808509343989,0.260550579856401,0.0128441455291761,-0.324496330353167,0.0445234331377038,0.347530930512281,-0.0758216425061941,-0.266022960647248,0.032916874995925,0.217570600338384,0.131029836697064,-0.0510999397293965,-0.173570260801872,0.0379830709472465,0.219568599953089,Leptodactylidae
1,0.403642476109885,0.36939341737706,0.612727825047129,0.220193862783352,0.0981072386624319,-0.151807797851227,-0.0250845543299495,0.338832272427835,0.0806018333840035,-0.322713210868407,0.0867912469445781,0.42538200747428,-0.091758011116757,-0.262117724529258,0.209423238627662,0.296705354615054,-0.0196374381261679,-0.126266282487311,-0.23522855833419,-0.0354164252725705,0.177674028090939,Leptodactylidae
1,0.36127988126656,0.217214520849084,0.558946115251333,0.162264448052712,-0.0416016614239074,-0.155383258430758,0.118824918139804,0.277874551360416,-0.0151651059637374,-0.309545745733354,0.0287914828165503,0.323134828058945,-0.0590030139305626,-0.295418835080725,0.0319775521982558,0.207382708586202,0.0769082498755185,-0.0392796266930431,-0.155611455702123,0.0516283189362477,0.263206580074315,Leptodactylidae
0.8351174840826,0.621917054069567,1,0.325795696474216,-0.144053077303395,0.263560911874432,-0.00137397528742229,-0.0965283955045426,0.205020326120466,-0.113976046483118,-0.0832149540259245,0.206019829654656,-0.10763965357092,-0.22993039464082,0.144035355663956,0.215510371497802,-0.0979470621724214,-0.0133689465850992,0.0384768494912095,0.024288263001052,-0.0139839602711091,-0.120796692029484,Hylidae
1,0.682132001355823,0.632056584331769,0.47285275739354,-0.0694384615889713,-0.0191041438265425,-0.0249970730619307,0.144540754329923,0.140437809342441,-0.306375154030712,0.00893241468582546,0.475257234526939,-0.116595707556594,-0.255965322635262,0.251717276088608,0.150172461778146,-0.120813471600025,0.0546046493461427,0.0333466793858394,0.155018523471162,0.053945942000847,-0.205505815926612,Hylidae
1,0.292614594114385,0.193736336734171,0.537985947514899,0.23859229628324,0.0656798035585111,-0.106060401251137,0.0395085522930484,0.160518876338159,0.0505214953251532,-0.176779005919149,0.144338609524998,0.330574156204755,-0.0450938587234117,-0.313890690753992,-0.00249652790956682,0.251693998189076,0.102292685037743,-0.0883432335741374,-0.206317950940693,-0.00500660540875466,0.191498663644175,Leptodactylidae
1,0.165597721554378,0.181823051186745,0.569529452609934,0.192769663650342,0.0388220149641538,-0.0703189208907326,0.0126831972050032,0.15196268448076,0.00499162224527594,-0.134595758224633,0.211706039425181,0.166898411332966,-0.30682388407502,-0.191309472938947,0.209211972185417,0.141702379077032,-0.123143659285023,-0.122471846324357,-0.0632227169763582,0.125262118482833,0.196464800592449,Leptodactylidae
0.887249344088867,1,0.443201280172559,0.54802039377129,0.0479272096460157,-0.0599871891161681,-0.148535741259995,-0.0658798176577196,0.242840392063749,0.0476504106360469,-0.224981770940554,0.038434991004467,0.347658234359994,-0.127534049999804,-0.217784428178673,0.166818880259476,0.19065423869219,-0.0358749716192852,-0.0692130863733331,-0.114263127046181,0.0522015114118186,0.176837141304769,Leptodactylidae
1,0.261498332230042,0.362547009466451,0.682253288923029,0.187351984561592,0.0172920523407104,-0.0411752714963957,0.0412001617245567,0.211798446836144,-0.028390058739825,-0.347153892958862,0.125829012334909,0.356462271005787,-0.148809831514403,-0.270325461630513,0.103162816402568,0.184963644421876,-0.0334900909703905,-0.114375645782986,-0.0617182196747503,0.125339759940337,0.182052907101257,Leptodactylidae
1,0.353925292620169,0.320595594716629,0.541692484184896,0.273290216291569,0.052301740183274,-0.219972724241492,0.0669630333087555,0.310090884502765,0.0569663349347371,-0.335792211864051,-0.0109201610490332,0.416304524597894,-0.132766111325459,-0.379392967048001,0.0288914973273777,0.269339760592281,0.0822565469076705,-0.114638869504506,-0.166629234277892,-0.0163293481311582,0.196686328394614,Leptodactylidae
1,0.384505433570357,0.281075653472307,0.485779472961237,0.15632972742778,0.000982521273643505,-0.0938393893656233,0.0294172901108262,0.252292895447603,0.107381530360909,-0.240706161911754,0.048265695682646,0.36532108072377,-0.110910921939865,-0.334094592403502,0.063671994776856,0.250977145392052,0.0401249333271083,-0.0884328289673301,-0.105847866172261,0.0194231169583415,0.21497794600766,Leptodactylidae
1,0.348168796801528,0.361121646531697,0.563090290784449,0.12200893545437,0.023331968004482,-0.055133373404485,0.114720632403966,0.287865601586216,0.00120117600133344,-0.345081974861515,0.0935260813777884,0.403499309606245,-0.0432489578827498,-0.208246087452057,0.0863938106162296,0.167501237533721,-0.0416284434450549,-0.0617584940827457,-0.0890275973202225,0.00710406290807372,0.142397467468257,Leptodactylidae
1,0.329680057512141,0.185331573230217,0.542504350800971,0.134650795580011,0.0335229151877421,-0.143515908615919,0.0300466250972354,0.244518056134127,0.043281713247163,-0.301064331406251,0.0770810748276061,0.430764432164652,-0.0387445865212741,-0.305011758781315,0.0485380704497625,0.247648491696328,0.0179438057354235,-0.0919103265007656,-0.110655436342004,0.00951361626900031,0.164731953191359,Leptodactylidae
1,0.266288497639474,0.24633864776007,0.60957384717101,0.100231526456517,0.0446028953100086,-0.0235077133802536,0.116913901833663,0.324554629499971,0.0319254049505841,-0.312509980676969,0.111176944380672,0.366316181733327,-0.164910379805338,-0.284705280504253,0.1337663954341,0.238855117467849,0.0138118874969051,-0.0672706770998494,-0.107859668897064,0.0250023040642041,0.140721751206505,Leptodactylidae
1,0.289928158726739,0.240748580022957,0.58183727209134,0.162131687617778,0.060267422485474,-0.148678057478092,-0.00638903094854198,0.287695127873476,-0.0138414382905382,-0.301189090853568,0.174198101360432,0.343463911709736,-0.220270904126295,-0.293112065218365,0.176688787236032,0.21369123500236,-0.0650021490843788,-0.145032694905295,-0.122762691470871,0.1319726308445,0.234377475664915,Leptodactylidae
1,0.149991637422944,0.311533659264992,0.310831527621815,0.170324036507845,0.186476520419947,0.102771619641045,-0.13532383679698,-0.0378600423655027,0.103249308414216,0.0506919445459836,0.0354145621332971,0.092417479009008,-0.0438001257606432,-0.101196683739482,0.0315793155531798,0.0835384926135239,0.0123220428261749,0.00680074557779663,-0.00712986586309127,-0.0528810685744599,-0.0027442453741394,Hylidae
1,0.133758924318335,0.0688840335532465,0.333405762993287,0.368342903490024,0.217571795054535,-0.0288123092714666,-0.27101790438988,-0.148593333927774,0.263540649069571,0.27185585640064,-0.146627642609571,-0.303452408807173,0.0155600788352946,0.200903744699831,0.0519082475153113,-0.0589244360634603,-0.0518302239405769,-0.0527071639534278,0.0388934485658251,0.119513692874232,0.0290893169405174,Leptodactylidae
1,0.250596761121881,0.245557548666387,0.650932788939534,0.141648287381558,0.0399341046430481,-0.0340448409564996,0.103649192308414,0.323668989657974,0.0445509764699507,-0.332747130994977,0.105453559326756,0.374953697412165,-0.138282454628026,-0.247176920012268,0.128195580594309,0.239157777400701,-0.0380754935438265,-0.146960311559098,-0.150802504507025,0.0437871039073672,0.211566596437972,Leptodactylidae
